{
	"themeName": "Ceiba",
	"wallMaterial": "GRID 8",
	"wallRoughness": 1,
	"wallMetallic": 0.37000000476837158,
	"wallFullBright": 0.47999998927116394,
	"wallTint":
	{
		"x": 0.061246052384376526,
		"y": 0.093058958649635315,
		"z": 0.1384316086769104
	},
	"wallTextureScale": 1.7000000476837158,
	"floorMaterial": "GRID 8",
	"floorRoughness": 1,
	"floorMetallic": 1,
	"floorFullBright": 0.88999998569488525,
	"floorTint":
	{
		"x": 0.031896032392978668,
		"y": 0.045186202973127365,
		"z": 0.074213564395904541
	},
	"floorTextureScale": 1,
	"ceilingMaterial": "PURE COLOR",
	"ceilingRoughness": 0.92000001668930054,
	"ceilingMetallic": 0.89999997615814209,
	"ceilingFullBright": 0.5899999737739563,
	"ceilingTint":
	{
		"x": 0.024157632142305374,
		"y": 0.039546236395835876,
		"z": 0.080219820141792297
	},
	"ceilingTextureScale": 1,
	"rampMaterial": "PURE COLOR",
	"rampRoughness": 0.33000001311302185,
	"rampMetallic": 0.68000000715255737,
	"rampFullBright": 0.40000000596046448,
	"rampTint":
	{
		"x": 0.043735027313232422,
		"y": 0.064803265035152435,
		"z": 0.068478167057037354
	},
	"rampTextureScale": 1,
	"overrideEnemyHeadColor": true,
	"overrideEnemyBodyColor": true,
	"setEnemyBodyColorAsAttackColor": false,
	"enemyColorRoughness": 1,
	"enemyColorMetallic": 1,
	"enemyColorFullBright": 0.5,
	"enemyHeadColor":
	{
		"x": 1,
		"y": 0.30946892499923706,
		"z": 0.5271151065826416
	},
	"enemyHeadColorOnHit":
	{
		"x": 1,
		"y": 1,
		"z": 1
	},
	"enemyHeadColorOnLookAt":
	{
		"x": 0.46207699179649353,
		"y": 0.79129797220230103,
		"z": 0.012285999953746796
	},
	"enemyBodyColor":
	{
		"x": 1,
		"y": 0.34670406579971313,
		"z": 0.5271151065826416
	},
	"enemyBodyColorOnHit":
	{
		"x": 1,
		"y": 1,
		"z": 1
	},
	"enemyBodyColorOnLookAt":
	{
		"x": 0.46207699179649353,
		"y": 0.79129797220230103,
		"z": 0.012285999953746796
	},
	"changeEnemyColorOnHit": false,
	"changeEnemyColorOnLookAt": false,
	"teamGlowUpHead": 1,
	"teamGlowUpBody": 1,
	"enemyGlowUpHead": 1,
	"enemyGlowUpBody": 1,
	"enemyGlowUpHeadOnHit": 1,
	"enemyGlowUpBodyOnHit": 1,
	"enemyGlowUpHeadOnLookAt": 1,
	"enemyGlowUpBodyOnLookAt": 1,
	"skyPresetId": 7,
	"cloudCoverId": 2,
	"solidSkyColor": false,
	"sunVisible": false,
	"skyColor":
	{
		"b": 0,
		"g": 0,
		"r": 0,
		"a": 255
	}
}